full_name,email
Aarav Sharma,aarav.sharma@example.com
Ananya Patel,ananya.patel@example.com
Arjun Kumar,arjun.kumar@example.com
Diya Singh,diya.singh@example.com
Vihaan Gupta,vihaan.gupta@example.com
Ishita Mehta,ishita.mehta@example.com
Rohan Verma,rohan.verma@example.com
Meera Joshi,meera.joshi@example.com
Aditya Nair,aditya.nair@example.com
Kavya Reddy,kavya.reddy@example.com
Reyansh Shah,reyansh.shah@example.com
Saanvi Iyer,saanvi.iyer@example.com
Kabir Malhotra,kabir.malhotra@example.com
Myra Desai,myra.desai@example.com
Atharv Rao,atharv.rao@example.com
Kiara Kapoor,kiara.kapoor@example.com
Aryan Bansal,aryan.bansal@example.com
Avni Kulkarni,avni.kulkarni@example.com
Dev Mishra,dev.mishra@example.com
Tara Choudhary,tara.choudhary@example.com
Vivaan Sethi,vivaan.sethi@example.com
Riya Banerjee,riya.banerjee@example.com
Ishaan Khanna,ishaan.khanna@example.com
Nisha Menon,nisha.menon@example.com
Dhruv Agarwal,dhruv.agarwal@example.com
Shruti Das,shruti.das@example.com
Yash Thakur,yash.thakur@example.com
Pooja Nair,pooja.nair@example.com
Manav Jain,manav.jain@example.com
Sneha Sinha,sneha.sinha@example.com
Kian Oberoi,kian.oberoi@example.com
Neha Tiwari,neha.tiwari@example.com
Ayaan Roy,ayaan.roy@example.com
Simran Kaur,simran.kaur@example.com
Harsh Vardhan,harsh.vardhan@example.com
Mahi Arora,mahi.arora@example.com
Nakul Saxena,nakul.saxena@example.com
Tanvi Bhatt,tanvi.bhatt@example.com
Omkar Patil,omkar.patil@example.com
Ritika Ghosh,ritika.ghosh@example.com
Samar Dutta,samar.dutta@example.com
Jhanvi Pillai,jhanvi.pillai@example.com
Kartik Yadav,kartik.yadav@example.com
Ira Srivastava,ira.srivastava@example.com
Anshul Bhat,anshul.bhat@example.com
Lavanya Krishnan,lavanya.krishnan@example.com
Parth Trivedi,parth.trivedi@example.com
Sakshi Wadhwa,sakshi.wadhwa@example.com
Mohit Anand,mohit.anand@example.com
Nandini Bose,nandini.bose@example.com
